Date,Name,Year,Letterboxd URI,Rating
2024-04-11,Fury,2014,https://boxd.it/6JwC,3
2024-04-19,Oppenheimer,2023,https://boxd.it/wUow,4
2024-04-19,La La Land,2016,https://boxd.it/a5fa,4.5
2024-04-19,Fast X,2023,https://boxd.it/drIu,2
2024-04-19,The Gray Man,2022,https://boxd.it/rb7q,3.5
2024-04-19,Heart of Stone,2023,https://boxd.it/r91A,1.5
2024-04-19,The 355,2022,https://boxd.it/iWI6,2.5
2024-04-30,Shōgun,2024,https://boxd.it/LciY,4.5
2024-05-04,300,2006,https://boxd.it/28XI,4.5
2024-05-14,Upgraded,2024,https://boxd.it/ClSe,3
2024-05-18,Dune,2021,https://boxd.it/fA7G,4
2024-05-21,In Time,2011,https://boxd.it/FPS,3
2024-05-22,Blue Beetle,2023,https://boxd.it/kJLq,3.5
2024-05-22,Shazam! Fury of the Gods,2023,https://boxd.it/lV0S,3
2024-05-22,Shazam!,2019,https://boxd.it/8WBu,4
2024-05-22,Black Adam,2022,https://boxd.it/fup0,2.5
2024-05-22,Zack Snyder's Justice League,2021,https://boxd.it/tLOk,4
2024-05-22,Batman v Superman: Dawn of Justice,2016,https://boxd.it/6fBW,3
2024-05-22,Madame Web,2024,https://boxd.it/nwD0,0.5
2024-05-22,Joker,2019,https://boxd.it/h4cS,4
2024-05-22,American Psycho,2000,https://boxd.it/28Vs,4.5
2024-05-22,Harry Potter and the Order of the Phoenix,2007,https://boxd.it/29Qe,3.5
2024-05-22,Harry Potter and the Chamber of Secrets,2002,https://boxd.it/29QI,3.5
2024-05-22,Harry Potter and the Deathly Hallows: Part 2,2011,https://boxd.it/1RYk,4
2024-05-22,Harry Potter and the Half-Blood Prince,2009,https://boxd.it/29FU,4
2024-05-22,Harry Potter and the Deathly Hallows: Part 1,2010,https://boxd.it/1RYu,4
2024-05-22,Harry Potter and the Philosopher's Stone,2001,https://boxd.it/29QS,3.5
2024-05-22,Fantastic Beasts and Where to Find Them,2016,https://boxd.it/7FPC,3.5
2024-05-24,The Queen's Gambit,2020,https://boxd.it/s1Ym,4.5
2024-05-24,Ford v Ferrari,2019,https://boxd.it/ce74,4
2024-05-24,Hacksaw Ridge,2016,https://boxd.it/azew,4
2024-05-24,Memento,2000,https://boxd.it/2bcK,5
2024-05-25,Superbad,2007,https://boxd.it/20hO,4
2024-05-25,Tenet,2020,https://boxd.it/leq4,4
2024-05-25,Inception,2010,https://boxd.it/1skk,4.5
2024-05-28,A Few Good Men,1992,https://boxd.it/29nw,4
2024-05-28,Friday,1995,https://boxd.it/1VLO,4
2024-05-28,Why Do Fools Fall In Love,1998,https://boxd.it/Mya,3
2024-05-28,Mean Girls,2004,https://boxd.it/1VNg,3.5
2024-05-28,300: Rise of an Empire,2014,https://boxd.it/xaC,3.5
2024-05-29,The Social Network,2010,https://boxd.it/17ue,4
2024-05-30,Ratatouille,2007,https://boxd.it/27ww,4.5
2024-05-30,"Monsters, Inc.",2001,https://boxd.it/2a46,4
2024-05-31,Think Like a Man,2012,https://boxd.it/2ffo,3
2024-06-02,Identity,2003,https://boxd.it/26e2,3.5
2024-06-02,Fractured,2019,https://boxd.it/kPL2,4
2024-06-03,The Beekeeper,2024,https://boxd.it/wJzS,3
2024-06-07,Eyes Wide Shut,1999,https://boxd.it/2axs,4
2024-06-09,Wanted,2008,https://boxd.it/1ZBS,3.5
2024-06-30,Hit Man,2023,https://boxd.it/ANB2,3
2024-07-27,Rat Race,2001,https://boxd.it/1XAo,3.5
2024-07-30,Top Gun,1986,https://boxd.it/29JC,4
2024-07-30,Teenage Mutant Ninja Turtles,2014,https://boxd.it/3oAs,3.5
2024-07-30,Justice League,2017,https://boxd.it/4w68,2.5
2024-07-30,Suicide Squad,2016,https://boxd.it/9row,2.5
2024-07-30,Birds of Prey (and the Fantabulous Emancipation of One Harley Quinn),2020,https://boxd.it/hSyO,3
2024-08-02,The Terminator,1984,https://boxd.it/2aQY,4
2024-08-02,The Guilty,2021,https://boxd.it/kOPW,3.5
2024-08-02,Casino Royale,2006,https://boxd.it/1alk,4
2024-08-02,No Time to Die,2021,https://boxd.it/cPX2,3.5
2024-08-02,Black Widow,2021,https://boxd.it/hWV8,3.5
2024-08-02,Fast & Furious Presents: Hobbs & Shaw,2019,https://boxd.it/dnDA,3
2024-08-02,6 Underground,2019,https://boxd.it/irU6,3.5
2024-08-02,John Wick,2014,https://boxd.it/7dEc,4
2024-08-02,Extraction,2020,https://boxd.it/jUjA,3.5
2024-08-02,The Hitman's Bodyguard,2017,https://boxd.it/dCmO,3
2024-08-02,Polar,2019,https://boxd.it/hoZg,3
2024-08-02,Guns Akimbo,2019,https://boxd.it/gkFu,3
2024-08-02,Free Guy,2021,https://boxd.it/k8dm,3
2024-08-02,The Adam Project,2022,https://boxd.it/q2Dg,3
2024-08-02,Thor: Love and Thunder,2022,https://boxd.it/mMAY,3
2024-08-02,Spider-Man: No Way Home,2021,https://boxd.it/nwRw,4
2024-08-02,Deadpool 2,2018,https://boxd.it/dlLM,4
2024-08-02,Deadpool,2016,https://boxd.it/9fOC,4
2024-08-02,Spider-Man: Homecoming,2017,https://boxd.it/aboM,3
2024-08-02,Spider-Man: Far From Home,2019,https://boxd.it/fegG,3.5
2024-08-02,Transformers: Rise of the Beasts,2023,https://boxd.it/oQTa,3
2024-08-02,Eternals,2021,https://boxd.it/j36o,3
2024-08-05,Someone Great,2019,https://boxd.it/iFva,2.5
2024-08-08,The Green Mile,1999,https://boxd.it/2agG,4
2024-08-08,The Dictator,2012,https://boxd.it/2DEW,3.5
2024-08-08,The Interview,2014,https://boxd.it/6KQ4,3.5
2024-08-13,Crazy Rich Asians,2018,https://boxd.it/gfnK,3
2024-08-14,Nightcrawler,2014,https://boxd.it/780m,4
2024-08-15,Knives Out,2019,https://boxd.it/jWEA,4.5
2024-08-15,The Purge: Anarchy,2014,https://boxd.it/71zk,3
2024-08-15,The Purge: Election Year,2016,https://boxd.it/ae5I,3.5
2024-08-15,Us,2019,https://boxd.it/gnV6,4.5
2024-08-17,Furiosa: A Mad Max Saga,2024,https://boxd.it/tABk,4
2024-08-19,Little Nicky,2000,https://boxd.it/1Y4I,3.5
2024-08-20,Gone Girl,2014,https://boxd.it/6hQu,4.5
2024-08-20,The Union,2024,https://boxd.it/qkD4,3
2024-08-29,Matilda,1996,https://boxd.it/1VhY,4
2024-09-04,Entergalactic,2022,https://boxd.it/CPN4,4
2024-09-05,Grown Ups,2010,https://boxd.it/169a,4
2024-09-08,Trap,2024,https://boxd.it/D4nK,3.5
2024-09-09,Lady Bird,2017,https://boxd.it/dGNE,3
2024-09-15,Johnny English,2003,https://boxd.it/1YyI,4
2024-09-15,Johnny English Strikes Again,2018,https://boxd.it/gzGW,3.5
2024-10-13,Swindle,2013,https://boxd.it/6rNU,3.5
2024-10-19,Alien: Romulus,2024,https://boxd.it/zGqO,4
2024-10-22,2036: Nexus Dawn,2017,https://boxd.it/gXZo,3.5
2024-10-22,Absolutely Anything,2015,https://boxd.it/34Ry,3.5
2024-10-30,The Hangover Part II,2011,https://boxd.it/PZI,3
2024-10-31,Romeo Must Die,2000,https://boxd.it/27tC,3.5
2024-11-01,Joker: Folie à Deux,2024,https://boxd.it/xBoE,2.5
2024-11-02,Bob Marley: One Love,2024,https://boxd.it/uckw,3
2024-11-02,Doctor Strange,2016,https://boxd.it/8MH8,3.5
2024-11-02,Doctor Strange in the Multiverse of Madness,2022,https://boxd.it/gaTc,3
2024-11-03,The Hangover Part III,2013,https://boxd.it/3GNY,3.5
2024-11-08,Chernobyl,2019,https://boxd.it/mkbG,4.5
2024-11-10,Sing,2016,https://boxd.it/b5EQ,3.5
2024-11-12,Game Night,2018,https://boxd.it/fRtu,4.5
2024-11-13,The Devil Wears Prada,2006,https://boxd.it/2awE,3.5
2024-11-16,Gladiator,2000,https://boxd.it/2b9m,4.5
2024-11-17,Gladiator II,2024,https://boxd.it/kqQQ,3.5
2024-11-18,The Mask,1994,https://boxd.it/29rS,3.5
2024-11-19,Avengers: Age of Ultron,2015,https://boxd.it/3qi6,3.5
2024-11-19,Mulan,1998,https://boxd.it/1VFw,4
2024-11-19,Mulan,2020,https://boxd.it/bbK6,2
2024-11-19,Sarafina!,1992,https://boxd.it/1bFU,3.5
2024-11-19,(500) Days of Summer,2009,https://boxd.it/1EmM,3.5
2024-11-19,Wolfs,2024,https://boxd.it/x6zG,3
2024-11-19,The Hangover,2009,https://boxd.it/1GjK,4
2024-11-20,Good Boys,2019,https://boxd.it/iW1G,3.5
2024-11-20,Bullet Train,2022,https://boxd.it/qW26,4
2024-11-20,The Notebook,2004,https://boxd.it/1UNE,3.5
2024-11-22,The Equalizer 3,2023,https://boxd.it/yU54,3.5
2024-11-23,Lucky Number Slevin,2006,https://boxd.it/2aVu,3.5
2024-11-26,Her,2013,https://boxd.it/4O24,4
2024-11-27,10 Things I Hate About You,1999,https://boxd.it/23AO,4
2024-11-29,Do Revenge,2022,https://boxd.it/sFiA,3
2024-11-29,The Perfect Date,2019,https://boxd.it/jP9A,2.5
2024-11-29,Barbie,2023,https://boxd.it/bCLK,3.5
2024-11-30,Encanto,2021,https://boxd.it/kPRu,4
2024-11-30,Enola Holmes,2020,https://boxd.it/hX2o,3.5
2024-11-30,Madagascar,2005,https://boxd.it/29dc,4
2024-11-30,"Crazy, Stupid, Love.",2011,https://boxd.it/D9A,4
2024-12-02,Central Intelligence,2016,https://boxd.it/9DFE,3.5
2024-12-02,Ride Along,2014,https://boxd.it/5dqA,3.5
2024-12-02,Ride Along 2,2016,https://boxd.it/awtS,3
2024-12-02,Dave Chappelle: The Closer,2021,https://boxd.it/xbe4,4
2024-12-02,The Weeknd: After Hours,2020,https://boxd.it/pnHQ,5
2024-12-07,Saturday Night,2024,https://boxd.it/Gpfo,3
2024-12-08,Dennis the Menace,1993,https://boxd.it/1SrQ,3.5
2024-12-09,Dead Poets Society,1989,https://boxd.it/2aSg,4
2024-12-12,Con Air,1997,https://boxd.it/28gO,3.5
2024-12-14,The Fall Guy,2024,https://boxd.it/s0Bm,3.5
2024-12-14,Dìdi (弟弟),2024,https://boxd.it/HQOW,4
2024-12-14,Extraction 2,2023,https://boxd.it/q4Zo,3.5
2024-12-14,Harry Potter and the Prisoner of Azkaban,2004,https://boxd.it/29Qy,4.5
2024-12-14,The Girl Next Door,2004,https://boxd.it/1VSq,3
2024-12-15,Pocahontas,1995,https://boxd.it/1W2g,3.5
2024-12-15,The Matrix Resurrections,2021,https://boxd.it/n87k,3
2024-12-15,The Matrix Revolutions,2003,https://boxd.it/2a12,3.5
2024-12-15,The Matrix Reloaded,2003,https://boxd.it/2a1c,4
2024-12-16,Gran Turismo,2023,https://boxd.it/B2lS,3.5
2024-12-17,The Perks of Being a Wallflower,2012,https://boxd.it/2ZA8,4.5
2024-12-18,Harry Potter and the Goblet of Fire,2005,https://boxd.it/29Qo,4.5
2024-12-21,Prisoners,2013,https://boxd.it/4E5i,4.5
2024-12-21,I Saw the TV Glow,2024,https://boxd.it/woVe,3
2024-12-22,Shang-Chi and the Legend of the Ten Rings,2021,https://boxd.it/kLDI,3.5
2024-12-22,Mortal Kombat,2021,https://boxd.it/gswA,2.5
2024-12-22,Nairobi Half Life,2012,https://boxd.it/4g7O,4
2024-12-28,Past Lives,2023,https://boxd.it/oNB8,3.5
2024-12-28,Terrifier 2,2022,https://boxd.it/oI10,3.5
2024-12-28,The Prestige,2006,https://boxd.it/293w,5
2024-12-28,2 Fast 2 Furious,2003,https://boxd.it/2a4g,4
2024-12-29,Black Panther,2018,https://boxd.it/8MHs,4
2024-12-29,Creed,2015,https://boxd.it/a2qk,4
2024-12-29,They Cloned Tyrone,2023,https://boxd.it/rE7a,4
2025-01-01,Carry-On,2024,https://boxd.it/C0B2,3
2025-01-01,Bloodshot,2020,https://boxd.it/bfG8,2.5
2025-01-01,Top Gun: Maverick,2022,https://boxd.it/cjr4,4.5
2025-01-02,Babylon,2022,https://boxd.it/mM02,3.5
2025-01-04,Creed II,2018,https://boxd.it/hgl8,3.5
2025-01-04,The Batman,2022,https://boxd.it/eDGs,5
2025-01-04,Drive,2011,https://boxd.it/IG,5
2025-01-04,Dune: Part Two,2024,https://boxd.it/pUfA,5
2025-01-04,The Proposal,2009,https://boxd.it/1HiS,3.5
2025-01-10,1917,2019,https://boxd.it/jj4y,4
2025-01-11,The Menu,2022,https://boxd.it/lScm,4
2025-01-14,Little,2019,https://boxd.it/j6Cs,3
2025-01-14,Wicked,2024,https://boxd.it/e8ME,3.5
2025-01-14,The Rock,1996,https://boxd.it/1XM0,4
2025-01-15,Juror #2,2024,https://boxd.it/FRwU,3
2025-01-16,Edge of Tomorrow,2014,https://boxd.it/4pD0,4
2025-01-16,Mission: Impossible – Fallout,2018,https://boxd.it/bSVc,4.5
2025-01-18,Deadpool & Wolverine,2024,https://boxd.it/jq8s,3.5
2025-01-18,Creed III,2023,https://boxd.it/pf68,3.5
2025-01-18,Tag,2018,https://boxd.it/gh7Y,3
2025-01-20,The Secret Life of Pets 2,2019,https://boxd.it/ewPM,3.5
2025-01-27,Spenser Confidential,2020,https://boxd.it/log4,2.5
2025-01-30,Source Code,2011,https://boxd.it/fdo,3.5
2025-02-01,The Penguin,2024,https://boxd.it/QkIU,4.5
2025-02-08,Avengers: Endgame,2019,https://boxd.it/9vE4,4.5
2025-02-08,Reservoir Dogs,1992,https://boxd.it/2agc,4
2025-02-09,Grease,1978,https://boxd.it/29YW,3.5
2025-02-11,Shutter Island,2010,https://boxd.it/1U82,5
2025-02-11,The Butterfly Effect,2004,https://boxd.it/27M0,4.5
2025-02-11,Fight Club,1999,https://boxd.it/2a9q,5
2025-02-11,The Shawshank Redemption,1994,https://boxd.it/2aHi,4.5
2025-02-11,Interstellar,2014,https://boxd.it/4VZ8,5
2025-02-22,The Gorge,2025,https://boxd.it/zRqK,3
2025-02-25,Coming 2 America,2021,https://boxd.it/hrdu,3
2025-02-25,Shaolin Soccer,2001,https://boxd.it/1T86,4
2025-02-26,Companion,2025,https://boxd.it/F04o,3.5
2025-03-01,Kill Bill: Vol. 1,2003,https://boxd.it/70w,5
2025-03-08,Mickey 17,2025,https://boxd.it/q1Dk,4
2025-03-09,Predestination,2014,https://boxd.it/6bJM,4
2025-03-09,Glass Onion,2022,https://boxd.it/oCkK,3.5
2025-03-14,See How They Run,2022,https://boxd.it/sNVq,3.5
2025-04-05,The Tomorrow War,2021,https://boxd.it/lE78,3.5
2025-04-22,Thunder Force,2021,https://boxd.it/mLsE,0.5
2025-04-26,"tick, tick... BOOM!",2021,https://boxd.it/jz2e,4
2025-05-02,Palm Springs,2020,https://boxd.it/lCXQ,3
2025-05-10,Drop,2025,https://boxd.it/LyPq,3
2025-05-10,Spider-Man: Across the Spider-Verse,2023,https://boxd.it/kSz4,5
2025-05-11,Challengers,2024,https://boxd.it/zld0,4
2025-05-11,Get Out,2017,https://boxd.it/eOCm,4.5
2025-05-12,Star Wars: Episode III – Revenge of the Sith,2005,https://boxd.it/27US,4.5
2025-05-13,Rogue One: A Star Wars Story,2016,https://boxd.it/aPvy,4
2025-05-16,Scott Pilgrim vs. the World,2010,https://boxd.it/1Aq6,4
2025-05-16,Star Wars,1977,https://boxd.it/72s,4
2025-05-16,The Empire Strikes Back,1980,https://boxd.it/27Vw,4.5
2025-05-16,Perfect Blue,1997,https://boxd.it/1W7A,4
2025-05-17,Conclave,2024,https://boxd.it/AO8q,3
2025-05-19,Kiss Kiss Bang Bang,2005,https://boxd.it/23c8,3.5
2025-05-23,Sinners,2025,https://boxd.it/KQMM,5
2025-05-23,Bumblebee,2018,https://boxd.it/f21O,3
2025-05-24,Kate,2021,https://boxd.it/m2qy,3.5
2025-05-24,The Karate Kid,1984,https://boxd.it/27Wk,4
2025-05-24,The Karate Kid,2010,https://boxd.it/15HA,3
2025-05-25,Aladdin,2019,https://boxd.it/eSjy,3
2025-05-25,F9,2021,https://boxd.it/dqsU,2
2025-05-25,Furious 7,2015,https://boxd.it/5cVs,3.5
2025-05-28,Nope,2022,https://boxd.it/sDCe,3.5
2025-05-28,Remember the Titans,2000,https://boxd.it/1VLk,3
2025-05-29,Meg 2: The Trench,2023,https://boxd.it/mLvo,2.5
2025-05-29,Opus,2025,https://boxd.it/JBMA,2.5
2025-05-31,How to Lose a Guy in 10 Days,2003,https://boxd.it/1XwG,3.5
2025-05-31,13 Going on 30,2004,https://boxd.it/1X6e,3
2025-06-03,Inglourious Basterds,2009,https://boxd.it/1JzG,5
2025-06-03,Se7en,1995,https://boxd.it/29zs,5
2025-06-05,Grave of the Fireflies,1988,https://boxd.it/1RUM,4.5
2025-06-07,Burn After Reading,2008,https://boxd.it/23BW,3.5
2025-06-12,The Gentlemen,2019,https://boxd.it/iYBQ,4
2025-06-14,Project Power,2020,https://boxd.it/ml8S,3
2025-06-14,The Matrix,1999,https://boxd.it/2a1m,4.5
2025-06-14,Rim of the World,2019,https://boxd.it/jk4k,2.5
2025-06-14,Spider-Man: Into the Spider-Verse,2018,https://boxd.it/azpY,4.5
2025-06-14,Venom,2018,https://boxd.it/b8wA,3.5
2025-06-14,Venom: Let There Be Carnage,2021,https://boxd.it/llco,3
2025-06-14,211,2018,https://boxd.it/i4LK,2.5
2025-06-16,Red Notice,2021,https://boxd.it/ixtq,3
2025-06-16,Scream VI,2023,https://boxd.it/zdfW,3.5
2025-06-16,The Nice Guys,2016,https://boxd.it/94Hg,4.5
2025-06-17,Shaun of the Dead,2004,https://boxd.it/29J8,3.5
2025-06-19,Enemy,2013,https://boxd.it/5xtO,4
2025-06-21,Morbius,2022,https://boxd.it/j978,2
2025-06-21,Outside the Wire,2021,https://boxd.it/taq6,2
2025-06-21,Tom Clancy's Without Remorse,2021,https://boxd.it/kNyA,2.5
2025-06-21,The Equalizer 2,2018,https://boxd.it/bAEW,3.5
2025-06-24,Little Miss Sunshine,2006,https://boxd.it/29EW,4.5
2025-06-24,Don't Look Up,2021,https://boxd.it/o0Hc,3
2025-06-25,Once Upon a Time... in Hollywood,2019,https://boxd.it/gH0O,3.5
2025-06-25,The Lion King,2019,https://boxd.it/eSjI,2
2025-06-25,Aladdin,1992,https://boxd.it/29yE,4.5
2025-06-26,mid90s,2018,https://boxd.it/fxIa,3.5
2025-06-27,Signs,2002,https://boxd.it/26t2,4
2025-06-29,Batman Begins,2005,https://boxd.it/2aIg,4
2025-07-01,The Dark Knight,2008,https://boxd.it/2b0k,5
2025-07-03,Speed,1994,https://boxd.it/28qk,3.5
2025-07-05,Coherence,2013,https://boxd.it/6xza,3.5
2025-07-07,About Time,2013,https://boxd.it/43bI,3.5
2025-07-08,Secret Window,2004,https://boxd.it/28xq,3
2025-07-09,The Substance,2024,https://boxd.it/zanS,3.5
2025-07-10,F1,2025,https://boxd.it/yjVM,4.5
2025-07-11,The Dark Knight Rises,2012,https://boxd.it/H3m,3.5
2025-07-11,The Flash,2023,https://boxd.it/9twC,2.5
2025-07-12,Zodiac,2007,https://boxd.it/27MO,4
2025-07-12,The Lion King,1994,https://boxd.it/201Q,5
2025-07-12,Do the Right Thing,1989,https://boxd.it/29gA,4
2025-07-13,Anatomy of a Fall,2023,https://boxd.it/yuDE,4
2025-07-14,Hush,2016,https://boxd.it/d5ys,3
2025-07-15,2048: Nowhere to Run,2017,https://boxd.it/h4uC,3.5
2025-07-15,Blade Runner,1982,https://boxd.it/2bcA,4
2025-07-16,Blade Runner 2049,2017,https://boxd.it/b8wK,5
2025-07-17,Triangle of Sadness,2022,https://boxd.it/hXlq,4
2025-07-18,Snatch,2000,https://boxd.it/2b7U,4.5
2025-07-18,The Man from U.N.C.L.E.,2015,https://boxd.it/67lG,3.5
2025-07-19,The Hunt,2020,https://boxd.it/iE9i,3
2025-07-20,Parasite,2019,https://boxd.it/hTha,4.5
2025-07-20,Fallen Angels,1995,https://boxd.it/1UkW,4.5
2025-07-20,Avengers: Infinity War,2018,https://boxd.it/9vEe,4.5
2025-07-20,3 Idiots,2009,https://boxd.it/1Dsa,5
2025-07-21,Chungking Express,1994,https://boxd.it/1UDa,4
2025-07-21,Talk to Me,2022,https://boxd.it/C6uQ,4.5
2025-07-23,Collateral,2004,https://boxd.it/28F0,4
2025-07-23,Sicario,2015,https://boxd.it/8i7u,5
2025-07-24,"Love, Death & Robots: Sucker of Souls",2019,https://boxd.it/lFOW,5
2025-07-25,In the Mood for Love,2000,https://boxd.it/29tE,4.5
2025-07-25,Django Unchained,2012,https://boxd.it/2cCk,5
2025-07-25,The Great Wall,2016,https://boxd.it/a04c,3
2025-07-26,Stuber,2019,https://boxd.it/izHE,2.5
2025-07-26,Primal Fear,1996,https://boxd.it/28ws,4.5
2025-07-27,12 Angry Men,1957,https://boxd.it/2auI,5
2025-07-28,Requiem for a Dream,2000,https://boxd.it/29VI,4
2025-07-30,Stand by Me,1986,https://boxd.it/2aOe,4
2025-08-01,Incendies,2010,https://boxd.it/Msm,4.5
2025-08-02,She's Gotta Have It,1986,https://boxd.it/1quC,3.5
2025-08-02,V for Vendetta,2005,https://boxd.it/29Ik,4
2025-08-05,Oldboy,2003,https://boxd.it/29R2,4
2025-08-06,Return of the Jedi,1983,https://boxd.it/27Vm,4
2025-08-06,Star Wars: Episode I – The Phantom Menace,1999,https://boxd.it/27Vc,3.5
2025-08-10,Star Wars: Episode II – Attack of the Clones,2002,https://boxd.it/27V2,3
2025-08-12,Bring Her Back,2025,https://boxd.it/Hxlc,3
2025-08-13,Man of Steel,2013,https://boxd.it/FRk,3
2025-08-14,Superman,2025,https://boxd.it/E9IU,4
2025-08-16,The Suicide Squad,2021,https://boxd.it/fw6O,3.5
2025-08-19,The Hunger Games,2012,https://boxd.it/2uds,4
2025-08-20,The Hunger Games: Catching Fire,2013,https://boxd.it/3sAw,3.5
2025-08-22,The Hunger Games: Mockingjay – Part 1,2014,https://boxd.it/4hka,3.5
2025-08-25,The Hunger Games: Mockingjay – Part 2,2015,https://boxd.it/4hk0,3
2025-08-27,Hot Fuzz,2007,https://boxd.it/2416,4.5
2025-08-30,Demon Slayer -Kimetsu no Yaiba- The Movie: Mugen Train,2020,https://boxd.it/nyLU,4
2025-09-02,Star Wars: The Force Awakens,2015,https://boxd.it/4vru,3.5
2025-09-03,"Lock, Stock and Two Smoking Barrels",1998,https://boxd.it/2b92,3.5
2025-09-05,The Naked Gun,2025,https://boxd.it/Da9k,3.5
2025-09-06,Demon Slayer: Kimetsu no Yaiba - Entertainment District Decisive Battle Arc,2023,https://boxd.it/Vmmw,4.5
2025-09-10,Demon Slayer: Kimetsu no Yaiba -To the Swordsmith Village-,2023,https://boxd.it/EnHw,4
2025-09-13,Weapons,2025,https://boxd.it/EMTM,4.5
2025-09-18,Demon Slayer: Kimetsu no Yaiba Infinity Castle,2025,https://boxd.it/O1GQ,5
2025-09-25,She's All That,1999,https://boxd.it/1Wz0,2.5
2025-09-25,Weathering with You,2019,https://boxd.it/kPxE,4
2025-09-26,Aftersun,2022,https://boxd.it/Arw0,3.5
2025-09-27,The Life of Chuck,2024,https://boxd.it/vMTu,4
2025-10-01,Thunderbolts*,2025,https://boxd.it/BfbQ,4
2025-10-02,Caught Stealing,2025,https://boxd.it/LnyS,3.5
2025-10-04,The Fantastic 4: First Steps,2025,https://boxd.it/mP6C,3.5
2025-10-07,On Becoming a Guinea Fowl,2024,https://boxd.it/EXzS,4.5
2025-10-08,Warfare,2025,https://boxd.it/LbRo,3
2025-10-11,BLUE EYE SAMURAI,2023,https://boxd.it/JH9k,4.5
2025-10-13,BlacKkKlansman,2018,https://boxd.it/hxL8,4
2025-10-13,Sorry to Bother You,2018,https://boxd.it/f21E,4
2025-10-14,RRR,2022,https://boxd.it/ljDs,4
2025-10-15,Judas and the Black Messiah,2021,https://boxd.it/lsew,4
2025-10-16,When Harry Met Sally...,1989,https://boxd.it/29W2,2.5
2025-10-17,Heat,1995,https://boxd.it/2bg8,4.5
2025-10-18,Portrait of a Lady on Fire,2019,https://boxd.it/jkPq,4
2025-10-19,Michael Jackson's Thriller,1983,https://boxd.it/3e76,5
2025-10-21,"Sorry, Baby",2025,https://boxd.it/JKNi,3.5
2025-10-22,The Long Walk,2025,https://boxd.it/mic8,3.5
2025-10-22,Ocean's Eleven,2001,https://boxd.it/2aZm,4
2025-10-24,Polytechnique,2009,https://boxd.it/1AMG,4
2025-10-24,Maelström,2000,https://boxd.it/1caI,3
2025-10-29,Together,2025,https://boxd.it/LdFE,4
2025-10-30,Fruitvale Station,2013,https://boxd.it/4VRy,3.5
2025-11-01,Barbarian,2022,https://boxd.it/yohi,4
2025-11-01,Donnie Darko,2001,https://boxd.it/2b2A,4.5
2025-11-03,Mulholland Drive,2001,https://boxd.it/297o,4.5
2025-11-04,GoodFellas,1990,https://boxd.it/29FA,4.5
2025-11-05,Black Swan,2010,https://boxd.it/Sw0,5
2025-11-06,Mad Max: Fury Road,2015,https://boxd.it/2DjO,5
2025-11-06,Whiplash,2014,https://boxd.it/7bQA,4
2025-11-06,Baby Driver,2017,https://boxd.it/bhF2,4
2025-11-08,Project X,2012,https://boxd.it/neO,4
2025-11-08,In Bruges,2008,https://boxd.it/20n8,4.5
2025-11-10,City of God,2002,https://boxd.it/2a2a,5
2025-11-15,Frankenstein,2025,https://boxd.it/Ecsg,4
2025-11-16,One Battle After Another,2025,https://boxd.it/DUHM,5
2025-11-24,Yi Yi,2000,https://boxd.it/1vCw,5
2025-12-05,All Her Fault,2025,https://boxd.it/YTd4,4
2025-12-06,Avatar,2009,https://boxd.it/1Efm,4.5
2025-12-08,Avatar: The Way of Water,2022,https://boxd.it/2E2E,4
2025-12-08,Eddington,2025,https://boxd.it/o6MC,4
2025-12-10,"Love, Death & Robots: Pop Squad",2021,https://boxd.it/vhLE,4
2025-12-13,Wake Up Dead Man,2025,https://boxd.it/uAKS,4
2025-12-18,Rye Lane,2023,https://boxd.it/DIyy,4
2025-12-23,Avatar: Fire and Ash,2025,https://boxd.it/2W7s,4
2025-12-24,Napoleon Dynamite,2004,https://boxd.it/20wu,4
2025-12-25,Bugonia,2025,https://boxd.it/qeWY,4
2025-12-30,The Holdovers,2023,https://boxd.it/vHza,4.5
2026-01-02,Stranger Things 5: The Finale,2025,https://boxd.it/YqXW,3.5
2026-01-06,Corpse Bride,2005,https://boxd.it/24WQ,4.5
2026-01-07,There Will Be Blood,2007,https://boxd.it/20Z2,4
2026-01-10,No Other Choice,2025,https://boxd.it/nKiA,4
2026-01-19,Taste of Cherry,1997,https://boxd.it/1m8W,4
2026-01-19,It Was Just an Accident,2025,https://boxd.it/TX2k,3.5
2026-01-20,Punch-Drunk Love,2002,https://boxd.it/20E4,4
2026-01-21,Waves,2019,https://boxd.it/jpmy,4.5
2026-01-22,28 Days Later,2002,https://boxd.it/2aXU,3.5
2026-01-24,Office Space,1999,https://boxd.it/28Em,3.5
2026-01-24,No Country for Old Men,2007,https://boxd.it/21ew,4.5
2026-01-30,Uncut Gems,2019,https://boxd.it/gXGc,4
2026-02-03,Fargo,1996,https://boxd.it/2aHM,3
2026-02-03,Devil in a Blue Dress,1995,https://boxd.it/204A,4.5
2026-02-04,Memories of Murder,2003,https://boxd.it/1TSo,4.5
2026-02-05,HIS & HERS,2026,https://boxd.it/103iK,3.5
2026-02-06,Arrival,2016,https://boxd.it/aNGk,5
2026-02-07,Hamnet,2025,https://boxd.it/woVy,4
2026-02-09,La Haine,1995,https://boxd.it/2as8,4
2026-02-13,Wonder Man,2026,https://boxd.it/10jdQ,4
2026-02-15,Marty Supreme,2025,https://boxd.it/Off0,4
2026-02-16,Cure,1997,https://boxd.it/1blA,4.5
2026-02-17,Train Dreams,2025,https://boxd.it/LdDo,4
2026-02-18,Catch Me If You Can,2002,https://boxd.it/29VS,4.5
2026-02-18,John Wick: Chapter 4,2023,https://boxd.it/mh48,5
2026-02-21,Everything Everywhere All at Once,2022,https://boxd.it/jUk4,5
2026-02-28,Sentimental Value,2025,https://boxd.it/GwcG,4
2026-03-02,The Departed,2006,https://boxd.it/28MA,4.5
2026-03-08,School of Rock,2003,https://boxd.it/28xK,3.5
2026-03-09,Good Will Hunting,1997,https://boxd.it/2ahY,4
2026-03-09,Jackie Brown,1997,https://boxd.it/2aVO,4
2026-03-14,"Good Luck, Have Fun, Don't Die",2025,https://boxd.it/Glua,4
2026-03-16,Chinatown,1974,https://boxd.it/29vU,4.5
2026-03-18,Irreversible,2002,https://boxd.it/29as,3.5
2026-03-19,Thank You for Smoking,2005,https://boxd.it/1YOc,4
2026-03-21,Project Hail Mary,2026,https://boxd.it/pEeQ,4.5
2026-03-26,Send Help,2026,https://boxd.it/JuhA,3.5
2026-03-29,After Hours,1985,https://boxd.it/1VfS,4.5
2026-03-30,The Wolf of Wall Street,2013,https://boxd.it/3C1m,4
2026-04-04,The Lord of the Rings: The Fellowship of the Ring,2001,https://boxd.it/2b5O,4
2026-04-06,Malcolm X,1992,https://boxd.it/27WE,5
2026-04-06,Kill Bill: Vol. 2,2004,https://boxd.it/2au4,4
2026-04-07,Dunkirk,2017,https://boxd.it/d0Y6,4
2026-04-17,What's Eating Gilbert Grape,1993,https://boxd.it/28xg,3.5
2026-04-27,The Lord of the Rings: The Two Towers,2002,https://boxd.it/2b5E,4.5
2026-04-28,The Hunger Games: The Ballad of Songbirds & Snakes,2023,https://boxd.it/pZCY,4
2026-05-01,Michael,2026,https://boxd.it/zi5M,4
2026-05-02,The Lord of the Rings: The Return of the King,2003,https://boxd.it/2b5u,4.5
2026-05-02,The Grand Budapest Hotel,2014,https://boxd.it/3ZqO,5
2026-05-06,The Drama,2026,https://boxd.it/OA2w,3
2026-05-13,Decision to Leave,2022,https://boxd.it/qp9e,4.5
2026-05-14,Avatar Aang: The Last Airbender,2026,https://boxd.it/B1BK,4.5
2026-05-19,Clue,1985,https://boxd.it/1MDQ,4.5
2026-05-20,Pulp Fiction,1994,https://boxd.it/29Pq,4.5
2026-05-23,Attack on Titan The Final Chapters: Special 2,2023,https://boxd.it/JyZw,5
2026-05-25,Training Day,2001,https://boxd.it/27A4,4
2026-05-27,The Handmaiden,2016,https://boxd.it/948A,4
2026-05-28,Trainspotting,1996,https://boxd.it/29XY,4
2026-06-01,Perfect Days,2023,https://boxd.it/ATh8,4.5
2026-06-06,Is God Is,2026,https://boxd.it/R80o,3.5
2026-06-09,Ready Player One,2018,https://boxd.it/aZes,4.5
2026-06-10,21 Jump Street,2012,https://boxd.it/J0,4
2026-06-11,Last Night in Soho,2021,https://boxd.it/lbJC,4
2026-06-12,22 Jump Street,2014,https://boxd.it/5Fvy,3.5
2026-06-14,Disclosure Day,2026,https://boxd.it/MDJY,4
2026-06-24,Poison,2023,https://boxd.it/Is7Q,3.5
2026-06-25,I Love Boosters,2026,https://boxd.it/KBIU,4
2026-06-26,Batman: Mask of the Phantasm,1993,https://boxd.it/1N6S,4
2026-06-29,Happiness,1998,https://boxd.it/1VEe,4
